release_id,split
p_45c9a0aea97b56a9,train
p_5ecf16de468a7695,train
p_65fa4e9076a53dee,train
p_1be82de90c4882ee,train
p_eaa54947f258492e,train
p_24c0f846e4fd09a3,train
p_5e84398a2647cac9,train
p_07079df72c507544,train
p_cfce663fb3b6736f,train
p_102c4ff14b921073,train
p_3aeca669c67e0c94,train
p_cedcc22d1df114c0,train
p_09ee94dedd8b1c41,train
p_3e21a37a32902281,train
p_30522e34e8833e6e,train
p_47b2135abbdca901,train
p_c166711f225fb161,train
p_06919068d453468f,train
p_a35dea133c56ff09,train
p_2eb2a65188b56a75,train
p_1d1ff48fdcd8daa9,train
p_3f55aa1cd530fde1,train
p_8a3dd328cc21f5a6,train
p_1f2ff09fdb9f88f7,train
p_95bd46fc961b38c5,train
p_9d67633f25efe3b7,train
p_993b57c958791eb8,train
p_a5fc76997f499d34,train
p_bdc6ba6d1bdec322,train
p_6662e062925d8497,train
p_26c740936c148e8f,train
p_ba9627c5ac5d7201,train
p_f34e40983d15a81d,train
p_b3010fe2415f40cc,train
p_c88109b6db4eebbf,train
p_824f039924ce96d0,train
p_c188fb2bb3f23464,train
p_44248a8ddc37f013,train
p_bd90447119c686e0,train
p_47fd11d9a356bd58,train
p_0bc13b539188217c,train
p_6bccbf2ff24b0b0c,train
p_68716ebd75e2c744,train
p_5e48bd92f02bfbca,train
p_239dffded1e54c95,train
p_dd53682e4da36bd1,train
p_b1049dcf6e9ed582,train
p_ab62019a53583e98,train
p_8ce4fe71864a60cc,train
p_53fa425c9452289b,train
p_d09b4ec18eba9bd4,train
p_cab9bc7ab5a6470c,train
p_a3efd5a1f6187d8c,train
p_e8aad2319595364b,train
p_b60317d9aba9b202,train
p_ebf3f1787ab8e485,train
p_0be3d2854db824e4,train
p_ebb1c2f23214b22d,train
p_c26821fff1f88fba,train
p_e64447527c6aea12,train
p_59055c6101154f5f,train
p_6ab21e7d48e355a6,train
p_4f7b0afc0c00ba97,train
p_f38a23b527ce27a2,train
p_4a105dbd6d5fc881,train
p_1a84e37f1f7a417b,train
p_9d28917812de4a81,train
p_f2ba6ab80c5d58b8,train
p_2a3c69deba17f2df,train
p_eb3841aa125f12a6,train
p_762eeb801d528d53,train
p_f587a16f97ca2054,train
p_831915cb8cc2bacc,train
p_2a84001705d2aead,train
p_4161464bfedd3f98,train
p_cb73c35ac1a85d80,train
p_f39b14f8737e47ac,train
p_d1e7cee7bc1c4f2f,train
p_df91f8e429388fd9,train
p_7fd18021cfba3301,train
p_a5e328b3c60cce99,train
p_10a56a6b126a44ef,train
p_97e5517cac444c22,train
p_75b72c8acac9bc89,train
p_4d6864e83acd1028,train
p_8d7663ada235684c,train
p_13a635c5b0f8b93c,train
p_a3aec548be0d49f0,train
p_6564674cc91907f1,train
p_e629470f57ee0637,train
p_cdccff1a30828143,train
p_33fc41d65bfc83d4,train
p_170b0600fc799d99,train
p_41bb8c146c78a777,train
p_a7d7d5b3aa5c9b64,train
p_65eec2b193a36e89,train
p_00f0654c048b92fe,train
p_18a957edb25751d1,train
p_b587d722e458d60a,train
p_c40431bd2a129841,train
p_554710ee80d3cf39,train
p_637605a7d720b803,train
p_06ef817defcd2594,train
p_7a8c0c7817d9dd43,train
p_0954c006f6e7efee,train
p_007bd928c97cdd89,train
p_9a526d82dfee1dc3,train
p_2c3441f1b59d7428,train
p_d09ae7c4c42957d7,train
p_d9f341237df18a3e,train
p_ffae984ce373f853,train
p_212161e963614640,train
p_d540556b5a0378a0,train
p_f64a16c9e78892f9,train
p_ad1108ede5da4902,train
p_630767513763cb6f,train
p_2f7418008e913ba5,train
p_bb4d306f6c15e05c,train
p_a77dac36482a74c8,train
p_447f2148a4969982,train
p_176b66df599251eb,train
p_b90264cfb57e6045,train
p_0f0eaa0ab3006b5c,train
p_415fcb047681c6f0,train
p_e6f147284dfcf024,train
p_80861782a62622e7,train
p_4b6a456ff9e90323,train
p_704d93cae9ef5d07,train
p_38c22aaca8c30b3f,train
p_1fce689d87d70ad0,train
p_0cc09271f8e306fa,train
p_c9e978acf990ead7,train
p_b86dcad6c848ed2f,train
p_f1009c45cc82eea3,train
p_06f99b50fb94ae03,train
p_d9fbc61257536c2a,train
p_abef203f00ac7c39,train
p_745640891cf13ca6,train
p_e84da44716ce0391,train
p_2bbe0c0f71b86b7d,train
p_2fa023a6c3a78b65,train
p_e8f9fbd9c3fc8e92,train
p_3c486b148991bd21,train
p_40aefe469866d778,train
p_eb73278fd31bcf28,train
p_6cef1794604b0040,train
p_1894b4a3cbe4f2b1,train
p_971d6b694001e17a,train
p_633288dce909e1c9,train
p_5b9838e439ca70c3,train
p_266012710c5d83ca,train
p_b2e0a2eb212ebcbb,train
p_79900c137379ce50,train
p_85f0632f977ee404,train
p_aec089c37bd7896d,train
p_25f370532663f179,train
p_28a333586efcaebf,train
p_1ada57144da8d091,train
p_7ff3efa7f5f14bd3,train
p_3b70c9c002908bee,train
p_133433ac18249727,train
p_27cd7db3269c23b9,train
p_1293303b56ce1971,train
p_da4fd719fd3259fd,train
p_de24fe74995eb0d4,train
p_237057e2132811d1,train
p_35b7f872963e5f2b,train
p_d353ab7f7482dd2b,train
p_e5a3ff9bc2a44d87,train
p_2d10b957e767f982,train
p_39b4f5cd8e3972b4,train
p_d2dd2b8f73c1eb6a,train
p_a2ba444217eabd29,train
p_1b0d0cf242056ef6,train
p_4a5d4c6a3ec3193a,train
p_71371902bdb96624,train
p_58f86f7eede1490e,train
p_92730fb595bf4fb4,train
p_77bb0dc6f697931c,train
p_622d0b06a639e1b7,train
p_b6bf687b25e34c7d,train
p_73aa3dcc68d73aea,train
p_55688f26f7815f6d,train
p_e43958dfa6150a50,train
p_ee53dcb2e87491f5,train
p_7829eecf6c488cf5,train
p_6c1ef4b92c126579,train
p_e23b403db59edcfb,train
p_a63fbcf5dac8cf39,train
p_4f0ed11a31875d1e,train
p_bfa54242ee386bd3,train
p_14a07b0e68dc7dab,train
p_8c32b067cb79ecfd,train
p_acab92b29843c2d9,train
p_4720f40532daec7c,train
p_9c96c7a5f815f217,train
p_2dfc989ed41ff96c,train
p_8420418fb1920855,train
p_934116411ed0de43,train
p_a97e317b8af85c6b,train
p_c658c945177dc084,train
p_41b8c4cc17794f16,train
p_17be1cd80075e79c,train
p_dbc1b71fad575b4e,train
p_ad5cccd20a90ab0c,train
p_6fe433148caa4446,train
p_c40ffd19b9faf15f,train
p_0124403d291fe434,train
p_e11bfb59b9166ba7,train
p_6a485d02df1f12dd,train
p_5e88798c554e5365,train
p_ed712ac50c88ef78,train
p_1a2969ca998f516a,train
p_314c0b5547ca85a6,train
p_151ba8b4eb59371c,train
p_c98ce9a67bf84c19,train
p_ad9430d87e36e194,train
p_118b25def668018e,train
p_741d9657ce226e81,train
p_0f57e4cba8d2619d,train
p_27adba72f687c2df,train
p_80ccd1203280ea75,train
p_f8cf8f2b1202dd05,train
p_1b61dcbf3ca35417,train
p_1b7dcd10db95b445,train
p_83e2c177f6a66c18,train
p_6a4115bf83fa598a,train
p_a3720080a0b70926,train
p_963c8435f36a17eb,train
p_a0379f1aa14e0b16,train
p_ca54bc614706bebc,train
p_4ded7efc45dfdb93,train
p_72a70cfbd276235d,train
p_69669b32225aad9e,train
p_230b77fc560267f1,train
p_3af9ca69770fc6d3,train
p_e7b056c8d0fd0e73,train
p_1295f2152a8d12df,train
p_c682a2c7047cf836,train
p_3bc14383bf55fa8f,train
p_6edbd614106eef63,train
p_3a9b55c5bbb87f77,train
p_a6b327e14a9d19ca,train
p_ec03ad485fee93a5,train
p_fac082ac33a4f08a,train
p_4dcb29e6ca3090b1,train
p_d8eded9f670eda8b,train
p_9bfa8d1b00b37160,train
p_52ebef7eb38426aa,train
p_8ccb654ca44eea84,train
p_06de3d9e86b36470,train
p_d5ea0b893baae863,train
p_ac80f3c4dc010a0f,train
p_15b77d1ff9b1db08,train
p_c23903e5f9ac1796,train
p_3e27dbc3d2f16752,train
p_c8302678465fd1d2,train
p_19c8191325042031,train
p_b772062b4dbfdf1d,train
p_248d9caf741a2a28,train
p_953be72de7bf3c5c,train
p_33ed9446c3b5cec6,train
p_0f9e8cdefe5dd9ea,train
p_1ca721b33fd3e4f1,train
p_d7aba82ac46dc572,train
p_2a4bd867d8679e2c,train
p_71964c777234872a,train
p_6aece33bed35ef0e,train
p_0f2d6df44bc1fa5b,train
p_0cbaff2d906f9cce,train
p_e78e831097076a3a,train
p_87a2cc6edee4289f,train
p_124838390a2d9f4f,train
p_e6c1050908f69e2b,train
p_03ac81a0e0075a2a,train
p_65f091c35c25cac1,train
p_bf126f7d76e88c5c,train
p_290743e38a40183b,train
p_a02efbbf1c3144ae,train
p_38c75e2961e68f88,train
p_5b75e62d9efb4280,train
p_d03a6b5aebb4373c,train
p_4f68fe4bc42b5e11,train
p_c8c88e1936223f20,train
p_3e7f1c6419fca4f7,train
p_a63e45e033f18d65,train
p_e3473614dbfb3aed,train
p_c3c9cfe7745d013b,train
p_9db49e4da17c634e,train
p_d6a00b86f78b67af,train
p_098057608ec6c85f,train
p_8507cab8386a435e,train
p_b58137d18613fad6,train
p_38b8cb4bd9f099ac,train
p_61a12df54f067b8b,train
p_5d399b5d85879bfb,train
p_69c4eac503401a1a,train
p_e34f5d18b3a148b9,train
p_fe0a0fcae8df422b,train
p_2ccf97547f635569,train
p_dc9548229e1008af,train
p_8dd70ce1a54ab38d,train
p_567e4d2e2d7eed6f,train
p_2f35ef0e1e074910,train
p_2669455df83a0912,train
p_5b01d2407136642f,train
p_1a34347007b4d50d,train
p_c3be3c3b171b9735,train
p_9dbb69c8aee03aa8,train
p_955e175f478cc1b4,train
p_3209ce0b9b9a986a,train
p_4c720917eab76682,train
p_de0e30d1a4577336,train
p_c050a73db840030c,train
p_4cc4bfe9dad3145f,train
p_e1595d69a8cf7680,train
p_57aade8608b0ab60,train
p_17c09a14f3aaaf6c,train
p_d971af94426c5ab2,train
p_a18b6b7ed6bbbad7,train
p_0b190880faa54281,train
p_6e250846d401f74b,train
p_55b16fe9aad82e8c,train
p_6ff4ccab53cc5b17,train
p_6131ee4b601c3bf9,train
p_f769e3a432c65e6f,train
p_a1a1e6ab2e79dd5e,train
p_195b2643ac5c1f2b,train
p_c909e7b707c5b842,train
p_5f2d636ccf448e3d,train
p_d47a580345874fa1,train
p_0ef412d3cef314fd,train
p_159e900467ec7bd5,train
p_c67f9bf259adb47f,train
p_96be1da9e93e7c7d,train
p_2d9aaa1559b31155,train
p_023f8fc02089de68,train
p_000462622b20676b,train
p_446ecbeaa2202a76,train
p_de03b6b63065cf75,train
p_ce539dcb6a04bc49,train
p_40b263c3a1eee800,train
p_9bd2ec1241d904e8,train
p_0e19b328266e01c7,train
p_c8fac139bef8091a,train
p_c22b2aca0cdc80b8,train
p_65b0e43bc4697a16,train
p_af80f313cb322def,train
p_8c8f4d6c56d9a7f1,train
p_8233539bff1c86a2,train
p_324d46ff35fb4746,train
p_12cd77644403489e,train
p_5135ee9643b043e5,train
p_0c06d63077e3067b,train
p_15647d2446465155,train
p_9c52f1676b5faa46,train
p_8a2a1af6cd6ed4fd,train
p_f7d1bba187d9d530,train
p_ea2ae3c84043a22f,train
p_f8f63a06654e477b,train
p_7d7aafb19f5c36f5,train
p_bf748b2de664e4aa,train
p_31ba173aa6cb5708,train
p_d850bb70171b4cf1,train
p_17922d7764255134,train
p_058737bdc294c075,train
p_bb07e282d13a3d6a,train
p_38ca6df1956f3f9b,train
p_27e366eb3adc38cd,train
p_f3c3b6ee8a8b9c1d,train
p_d96e21481093b70a,train
p_b92a7d0906fbc94f,train
p_c985f8b106937f90,train
p_4d0cf20060cfe6bf,train
p_9367b8faa886a932,train
p_7bd74dcadb18cb8d,train
p_c69cf1aea44e66a3,train
p_79c0f9b493599c85,train
p_8da1ccf643af5a75,train
p_af84d7d47abe4146,train
p_1a85b092b2b9e6fd,train
p_233a97eab0f86b0c,train
p_ffd452f5e0e0a8c4,train
p_0b229baa660de6a9,train
p_17c1a1035544459f,train
p_2c9d47e6c34eb799,train
p_7dcef0166a98ea56,train
p_cb7163e527de3a80,train
p_1e4c0e189752cdf5,train
p_42561e00d3a7d3f5,train
p_8412585797b183fa,train
p_0edad6c36dbcec83,train
p_883033fcfe012f76,train
p_003ff9ac29cc3864,train
p_dacc87f618b4a30c,train
p_624efe4763b8fa54,train
p_c9d578f6116b85c6,train
p_df4fc502708f5edb,train
p_1e8e9eff61fc261a,train
p_dbaf7d2490c16506,train
p_bf670f5861bdde8e,train
p_c8175fedea60d09b,train
p_0e7e66469945268d,train
p_a6df238e827c4aa8,train
p_03109e7b30f126ba,train
p_95f609b0568d35db,train
p_116bdf34a2769801,train
p_aca191d817bd3239,train
p_dc996c2fc7ba29ec,train
p_859e9ef76dabfaf0,train
p_19a283a7efdc0259,train
p_c349558c4cc7966f,train
p_eff733eb4e1b5bbf,train
p_f7be333d25157dd1,train
p_81b1c1109a450853,train
p_c4b5b1eee8058d75,train
p_4f3303384b472922,train
p_0d9fb0fdd6d2134e,train
p_a66e6395ff90b886,train
p_0470d061f7cf806f,train
p_1a0ba91391d98b5f,train
p_72b3be3fc2e3b98e,train
p_2a165a0edf2eb2fe,train
p_4885f4343de08462,train
p_812a14c5e21152e0,train
p_6bcd4bd8fbbe6c61,train
p_98a6237d237bfc8a,train
p_7befd5ca35ee3a02,train
p_7ed20af86538ae4d,train
p_a5cfc16f89ce3151,train
p_5c837577c5875d3f,train
p_a86de4427c523cde,train
p_89a5770d38b4bd5f,train
p_5da5d94310ed45b2,train
p_b814a99fe40737e1,train
p_9f2e0b4776423eb9,train
p_757ba8c5fb95b28c,train
p_8b99296623a440d9,train
p_6ecc471062d599cd,train
p_fa50d8a6ea887869,train
p_9b7c748bce8daee7,train
p_e3bc5777b709123d,train
p_da33b505dae17034,train
p_ce9b27af4de9196b,train
p_aa88c432b6fde755,train
p_3f1725dc98024b19,train
p_19a581a60a026a65,train
p_dc68550865973769,train
p_6fb55544a1301f58,train
p_0fa061e048d69b2f,train
p_8fe71ca034488a86,train
p_12ea6ab830aa03ab,train
p_aa3c578dd3cda038,train
p_7fefe7167c1f324a,train
p_c172683c37a58100,train
p_644c670c1175f5c3,train
p_e886136940540085,train
p_20857cdca8eb0b62,train
p_51222debebc8879a,train
p_4bd17f013fd3df61,train
p_8411e0dc300cbcea,train
p_a5843ac0bbf3ce48,train
p_e3541b379353a04d,train
p_616a4c9cc4cfbe6f,train
p_d6981d6fb4bbc958,train
p_4843b6db001d9fad,train
p_b9250f1f19a38bf4,train
p_cdb0c184642f2973,train
p_1f8d3b118c4b79ed,train
p_d89209656154261b,train
p_dd3cda0a6f9b7e88,train
p_c37c87739d3f0890,train
p_f879ced4347ef6be,train
p_abd0588bba678860,train
p_9b5131ae6df9dca2,train
p_1c718d381ba2391b,train
p_6a986224e798fe7f,train
p_1ddbeb79d121bdac,train
p_67031790b59f62a7,train
p_f93b747630109f99,train
p_d0f1a26d52dc9b9e,train
p_e664961fdea8cceb,train
p_fd4f935a5bb4aee6,train
p_516785f9f963b1e5,train
p_9dec9dfbccd757d3,train
p_3cf08ddc0d112938,train
p_7e119cbf1c148a6d,train
p_88d017a9b2a023f8,train
p_e439211b737a9b01,train
p_3ff62a73108da5bf,train
p_d12d4d8d8865fb86,train
p_b26d4cf526e3ea47,train
p_7ef7eef54a913dc9,train
p_e88e61b167ff777b,train
p_49858ace56b8f61a,train
p_175b79283e60ee7e,train
p_4505c60b2a2a7033,train
p_c29aac1e9fd0c3d5,train
p_7f4286c47e6a938d,train
p_ff7c9f9b775ef501,train
p_72b5cb8b82042325,train
p_f6234edef39e4962,train
p_43e1456885e80e71,train
p_e506baf8d5e2b916,train
p_9a5121480543db14,train
p_cdafcef36ece7dc0,train
p_3a7266a52da7d05d,train
p_8e76b635942b307e,train
p_3d6e896737df8bf0,train
p_605b32fb72fdd136,train
p_ccf78ec17e561b01,train
p_cdb3a670e4b917a2,train
p_f5e1da7f33e56ff5,train
p_6755e11e2b20e2c8,train
p_9eb71aa0184b0bbb,train
p_90f7f8b87761a095,train
p_83fd89078bf15461,train
p_003dacba770f2bd4,train
p_b76bbe743ebb51bd,train
p_08aaefe2f59f2165,train
p_5f697b4d138191e2,train
p_85441602cb1c0f9e,train
p_bff0bb711bedb980,train
p_cae21e2032c34403,train
p_9493be25737e517a,train
p_724d0e795f781b2c,train
p_66ad0d78b454c112,train
p_4303636912e72c81,train
p_d090e34c71e51dd8,train
p_568ef981387f572d,train
p_8e45c1e2889962b3,train
p_5ff67272ff29c952,train
p_956881048e6e944b,train
p_e122f60bd789d09f,train
p_0b6c7f61d85da4e5,train
p_3964198573ef5f50,train
p_688e839af6091aae,train
p_4304550ee0254d15,train
p_b92f470aaa60e68f,train
p_9e4c8c80ddfa1d16,train
p_a763c9935a37ef66,train
p_192362d9e04dc35f,train
p_bdf3179b6fe75398,train
p_dd05f8f7c250e69f,train
p_ab6159bb40a268fa,train
p_07f1c1752a078f11,train
p_ea50074993f9421a,train
p_0430d6569d1b0279,train
p_b7feda7df4aea3c0,train
p_061bf61f7db7689e,train
p_e32725f235ecee29,train
p_0a17b42d2f122bb7,train
p_1585bf503232f3d3,train
p_c40adefc5dd66abf,train
p_450800ca2d3e9a55,train
p_b96d717850982220,train
p_76cba9a3d0fa5ff7,train
p_312c4a3b9a410ee4,train
p_6fb6b06787102a2f,train
p_3c525e030ae0c531,train
p_260ebb64e1c327c2,train
p_a4435de2f6e2eb41,train
p_646ba1d89e8a3bcd,train
p_8c86d5019cef383f,train
p_5d52fa17aca3a75b,train
p_1d772044019aa027,train
p_710186c0e130eebd,train
p_3068426eeecbb143,train
p_9a7fcc06b067c6dc,train
p_0fbb165e6c291f79,train
p_5fe051def4f5537a,train
p_0db94528722e788d,train
p_9e6eec19a5b3f49b,train
p_7a3a6d6136e4ee21,train
p_9d389a7cf2802257,train
p_b83fe4287c2a6fbe,train
p_733fa4a284245a31,train
p_30fc0adebffb9f3f,train
p_3a5bef63d812d34c,train
p_08c67a2ea6827156,train
p_33c931752e5fce7d,train
p_2299a23515069ffe,train
p_405f5bd57aa6331b,train
p_bd5e4fd601625bb9,train
p_cdeb006d63c6d19d,train
p_31258482bd47f3b9,train
p_cedde7be1ed048e1,train
p_434326e71ece6806,train
p_fdca7da966bc62c3,train
p_675f16732dd0e12c,train
p_58594749c24cdb53,train
p_19ef8b97dcca128a,train
p_84d03605bc51cb70,train
p_e49857b938709516,train
p_3f4d6905e4fc5489,train
p_e8ebb59fec882614,train
p_11d32bc0d199d219,train
p_a83603f0b2127054,train
p_488e8e3181440348,train
p_dbde36d4a74becf3,train
p_093cb0f5bd7381a7,train
p_343ad2f00a27ebff,train
p_c68998e4d7dfcd56,train
p_8128c2e70ea0a498,train
p_7e8af023c0629061,train
p_bb90199fcde0a7b4,train
p_b20885a4493fe867,train
p_38c221296fd3e60e,train
p_16e276a8b5387361,train
p_c179a2847b29be82,train
p_d5606feb928f6ccf,train
p_418e82f95436339c,train
p_54cdcdb2c228a574,train
p_11a82a040d83c3ac,train
p_f6404c6cb9c627f8,train
p_87ff858f5a1c36a6,train
p_92210274cd5ba6c2,train
p_890cad7cd45b625f,train
p_369656d951cbb29d,train
p_1e6f8666ecbf1f19,train
p_a51bb09d685f9ae3,train
p_318da657261ca016,train
p_909ca774b9c3c8fa,train
p_1f59628f5108ea3b,train
p_1553ff75a24c6359,train
p_56ca09d66024151a,train
p_8e06acaa4d55ea43,train
p_93853b4e958884a5,train
p_28fec8fc80b211ef,train
p_50a48dce2d948ed3,train
p_d0d050f8c6111dc2,train
p_160cfe77ba9c3c4d,train
p_20fb11f04a562765,train
p_6322e5d90458c093,train
p_b9b52a7d416c0f7b,train
p_579244c189bfc7f6,train
p_b11d3da3484494e7,train
p_6d86033314f6ae78,train
p_126b921eb18bebc7,train
p_3586659290b6fe9c,train
p_cc70c8443dc18ddc,train
p_7e785ecfacd45925,train
p_76e30327354e8b9a,train
p_eb4abfe7eafd48c9,train
p_6512f3d5eb92242e,train
p_e344d4dfaa264a0f,train
p_eb1dc0bbed2964c3,train
p_4346428346b75275,train
p_e62adbd65c9c8443,train
p_07ea20720cc6e409,train
p_43e7bc03ab54968b,train
p_006b4d81b2118af3,train
p_95535dcf385a6492,train
p_b8f096314b0f9a10,train
p_2e8fbd3daf79c6ca,train
p_7f1968bd0ea5865d,train
p_25c65a4ee58c0f40,train
p_9fbed3721ce5ab97,train
p_0fb435456539252b,train
p_9216a2eea110b6b7,train
p_92c436a2ebcc7d13,train
p_ef07c6166ce42133,train
p_45f51544bd8750f8,train
p_18fd123a6932a6e3,train
p_fd638a59fecd432f,train
p_afb7ff7e7722f57c,train
p_28e10dedbfd7b9af,train
p_d602d17e4e3492d9,train
p_a2735725e29f5623,train
p_6bac72b496d5ada2,train
p_b9ace64ebb6f6de5,train
p_55b81dd56598653e,train
p_221dc4b56f9ce4ae,train
p_06abcce178298a87,train
p_c4aa997ebe5a8e4f,train
p_ac9d2568c9576529,train
p_723dd2cf782a6f6e,train
p_5d6e599bcfa1e615,train
p_fa2ff6a81508e9d1,train
p_3b55815fc3b53d8c,train
p_32fda011bdc3d766,train
p_ed30894beec74749,train
p_9a688cb1622b0f87,train
p_4cc42c91921527d0,train
p_1b6bdae0e0b39f52,train
p_99e2caa3d3ac52cb,train
p_749a66bf2e5a5d3a,train
p_ef5a913e251f349b,train
p_bac728e1579c0393,train
p_0a0f1c0f130878a7,train
p_3621dbfd266fecc2,train
p_a15088f069da6e4c,train
p_dc4eb1262d057790,train
p_8c38e229d82f4da8,train
p_e589b7b63571c640,train
p_4dd78601d6bb0dfe,train
p_1c6ba563b976a3f1,train
p_79a2dfdb0a1c1d96,train
p_65b20b2af2b4e88f,train
p_d26c97b27f61012d,train
p_ce058d883326e81d,train
p_187af56e94cfc664,train
p_2e9f2295da059e08,train
p_ed6ae2131e47d999,train
p_5ad20850801e1ae5,train
p_d68ed38a33cb2916,train
p_f1f693ddcb831621,train
p_09f7bef445a5c5b7,train
p_42e7db14bb0a1460,train
p_489f91182ab03a11,train
p_aa4b343c4ac8ea0d,train
p_ed3ea65683a540ed,train
p_6d06ca22d9422c56,train
p_b8992c2bfcb2b2db,train
p_62d99aa37656c73d,train
p_bc9e250b750d4cd8,train
p_aa7c639620a2b2f0,train
p_daff6f341c5695a6,train
p_ec612ced199e787a,train
p_81e829dc07b894a1,train
p_cb7891bdfe76b9ea,train
p_d83d8043f32dde9a,train
p_d311baa573b1e4f4,train
p_fb3ca9783f851011,train
p_3bf8a4c112c5cc6f,train
p_5413cc34e2ddd8c7,train
p_8b27669e8a770b65,train
p_c7c57c4b8a77627e,train
p_8a2b25aea0989da8,train
p_100e3c7b8de04576,train
p_74dcd754fec7d265,train
p_383dfcb35fc1be1f,train
p_7c94c6588837e0ec,train
p_802d7cd8e8a4eb45,train
p_37ea14c0a5215379,train
p_727d12ae47481990,train
p_48eeb5af1dbafabb,train
p_d69918e25e26ed4e,train
p_b37937a47d221de2,train
p_24f0ef651e328154,train
p_bd1442645283e74b,train
p_bc0b04fc6626338b,train
p_c8763c60f9eba8fd,train
p_1774431804c5d45a,train
p_67cc0603331f8d13,train
p_0a46e1c6ac8abec4,train
p_346c71cfd9418e21,train
p_012e19ddd7d81d72,train
p_f7ec0b8c15c60542,train
p_5437f14f007d40c9,train
p_505f89d28d14d5f8,train
p_494db17542cf2f87,train
p_fe0c059d8c085323,train
p_c56cd3d53d01042e,train
p_151609166f3e2dd4,train
p_c82cb797bbfb01c7,train
p_ecb053780300d263,train
p_0db7a41b1ffbbbdc,train
p_dab0ae1b5dffc924,train
p_4d70b98c7e736954,train
p_cdbe9a89141c3fcb,train
p_1b5ecbc1fabc7411,train
p_0e1afc5c5a348b50,train
p_24da7a2421234fd6,train
p_f0a78f6d467b03a9,train
p_92abf5ab852da780,train
p_5a6a76ab9c2ecfe0,train
p_58c41035bb83e089,train
p_186225fd73445acf,train
p_1ae298a1450be46f,train
p_9b00dd35cba6554b,train
p_c3344c1c1c7dcd97,train
p_b86e9b54eff5dcf3,train
p_3a2ff8d19af3d4e0,train
p_1ac19edf81bc98cd,train
p_caece93232cf2763,train
p_7cad2a203f2f2972,train
p_6efa7bb21ef3a51d,train
p_ae2c8d7de98c80f7,train
p_7cf1228d817dcc58,train
p_94a80d79280322ce,train
p_6b35a99d5b3daa9c,train
p_ad68deec34ce8271,train
p_b3463405795367dd,train
p_723d86bb85de6037,train
p_5df9fdc2c89870f8,train
p_41f9288dee0a8037,train
p_804ba80dcab87814,train
p_c16adf0d827832e5,train
p_3403be1947dbb72c,train
p_8701182975bc11e4,train
p_1bd69b3c525e7ec9,train
p_fb222d62243673df,train
p_bfcb2985f4836fd0,train
p_f1d5fff1e184da9c,train
p_61bd05c4be42f05b,train
p_3ecd668f68b10322,train
p_68d62342052b33e0,train
p_cb545ec7ba9ba512,train
p_73d2b2b1e25b6c4f,train
p_8c9c70e98729653d,train
p_6890e0dd59878e13,train
p_8fa7db20164259f6,train
p_d8ca53ccd1204d4e,train
p_5be07d05b2d7c7ed,train
p_edcf8c5a9752f891,train
p_fe68f5c48755ecd0,train
p_d89db113d30e92f9,train
p_2875bd9a64937a24,train
p_68f94609de048797,train
p_a6c620b782414eda,train
p_953c01edb66faa34,train
p_6567ea5329893b89,train
p_5cdbfc7abfd11123,train
p_84ac3560e9f54383,train
p_4c5ab394c7489aa8,train
p_48b9ff45a6b240fe,train
p_56304589080c9e7d,train
p_3d0421e83968ce7e,train
p_70ce9c0344892c32,train
p_e7d4de27b54f9c54,train
p_866e9b82dc72d5bd,train
p_d06fb3d1865f8825,train
p_42bac8b1e3e7a987,train
p_70052a627bb8d566,train
p_ac85d364e96a114d,train
p_eee9e3eeef6a7799,train
p_51b00e6ac7c53515,train
p_d9bbe7199d5329d1,train
p_188d189674779864,train
p_ab3e5d057512ac96,train
p_641c53bd91973ff0,train
p_75ff83605f1368d1,train
p_f80357c26b51720c,train
p_e5c8fb7a8a37135b,train
p_76b59052a583a8fd,train
p_aa29e3a6a86a6362,train
p_5fc46f0c51c45ddd,train
p_606a6a29f2e05086,train
p_ffa10f08ffb7d536,train
p_8599e146feb5fd01,train
p_00a652b5042498e5,train
p_21dd660734122e8c,train
p_5c42074b46dc5ead,train
p_19ed3f15a0fdeffd,train
p_45a481bb8fa99e29,train
p_8d362be0c711fe74,train
p_06894a3302753383,train
p_18c2d348cf9b05b6,train
p_9d297dbf732285e3,train
p_c3a4cb6d70b52c4f,train
p_d7c11865f8431ac7,train
p_f6dbc526c200db92,train
p_9c026d3b364aa3a5,train
p_1b3e46baa5e1bddd,train
p_07c2ca2ab8479278,train
p_9e12ddd118ef45df,train
p_124f25a0a5c35aca,train
p_6772a48e3abeb722,train
p_0a6de5a54d154c96,train
p_883e499a8ede46a0,train
p_75f44973712a92ac,train
p_fc6c2df4272ca0ec,train
p_f4377953d916eb1e,train
p_a8ddbd1c33c3de2e,train
p_ff4b4903329a6d2c,train
p_7fe44f28dc0b1d6e,train
p_4ee05397a16df0f0,train
p_8c1b2c1e1f47a472,train
p_c74a5f03303bcfe6,train
p_58040da26f9da437,train
p_9ebe7e0d68e30503,train
p_664b9802e04bbbfa,train
p_058cc04e281793ad,train
p_383ea0e55449d702,train
p_f25383a7d204864b,train
p_0237a1003e9e15cd,train
p_44e05e469cf1845e,train
p_f74a14a252233640,train
p_91b7c5e222a5ab1a,train
p_d9ffa44437ded629,train
p_45ebbe5d30e88150,train
p_d29ee8107d3f7910,train
p_85062f5c2025f6d3,train
p_f2a21d5c573ae31c,train
p_055e420b4c726427,train
p_eb536c01db5b2f86,train
p_f363a4deb4f413ab,train
p_28f04308977236c7,train
p_d49dc57cc5a18e24,train
p_7bddf7e558a44423,train
p_009d340ad8c5659a,train
p_e02928aad82d5531,train
p_73a6cfc7d433bf5d,train
p_30e1aa0a015d0f1c,train
p_5a1e5b062b376b9a,train
p_9419f475b4a351b8,train
p_1f632455a2ae510f,train
p_247654478710ad54,train
p_cfa0e1d5a45a8318,train
p_05c6b2b0c7958806,train
p_cfa77fec36350dfd,train
p_6257d0bf05b4c21e,train
p_5c3ed788373344b8,train
p_72428ecde90ef801,train
p_aae2b57fdf8848c5,train
p_effeee4bf19ede17,train
p_bb92c89808d1fb42,train
p_018e3bad590f68f5,train
p_0a82c9f09312b11d,train
p_4fad96c148670ee5,train
p_a84042702396fbf4,train
p_bc4e547e751f99d9,train
p_074e04e1891de2cf,train
p_e7b7476502a0bfaf,train
p_182bca1e5fa55bed,train
p_fff7cccf9aeb8a5a,train
p_e11d1064700b891f,train
p_c212d065e7005833,train
p_0d935c4fefdefa82,train
p_d0cf85e973022c8e,train
p_bbbbd4b0db50fd39,train
p_c102e7d75cb4feb4,train
p_d6003011f8b9d8c3,train
p_e9a760d696ffdfd6,train
p_d2e85aaad90a2020,train
p_452732b7526f1745,train
p_6e3e54b9266adc20,train
p_4851ef25a8a41613,train
p_7886ca49382236d9,train
p_158c19307cf2521d,train
p_2707b7543d1b74e6,train
p_250e1ee1af55776b,train
p_99ac578018cf33fe,train
p_3e41e822db547c55,train
p_bab9664c0ca0c900,train
p_4e4fc303972ffdde,train
p_f51cb66d72b31ffd,train
p_6570766a4f8fc146,train
p_b6e3eee1c889c053,train
p_4aebf7affcf02fd8,train
p_e9ed332a329d992c,train
p_d97055b87f334825,train
p_625a562b327dcedc,train
p_e06298624c2a00b8,train
p_2da2d450175ab437,train
p_8c0fda6e671f9bcf,train
p_a2deab85423ecf77,train
p_690785ffe01d25f9,train
p_8b066af735a3826f,train
p_cbddf23a7286cc8c,train
p_ce84806162b563fa,train
p_3f44b201a8a33aea,train
p_7a6de1c1b92d67f0,train
p_84b29361617d51f3,train
p_1a833e2d7d22745e,train
p_8e21adbc0dde59dc,train
p_f59d61458df986fb,train
p_0acc4611811dcb8e,train
p_0573d40a48fe7dee,train
p_c6faaf9f3f0e2c6b,train
p_bf90cbd72b522faa,train
p_e53c76ae5cba3e36,train
p_5041bdb46be04afc,train
p_64cd7e855b25b8b6,train
p_ffe877380c463366,train
p_a3f40df35b0cb302,train
p_1390e1d867dfe44e,train
p_5a4b36e0f56ecd66,train
p_7bc6c89325f4eb6a,train
p_37c443f4cdb247fc,train
p_870e2d7cc722ebcb,train
p_acf29463c4fbff92,train
p_f26b9648a746642e,train
p_c1a4cfc55af9cb26,train
p_de55be1dd5d73bb5,train
p_ba6714732fd6890d,train
p_2ab6e93fcb1a9d26,train
p_fa73e5f1643be92e,train
p_176418e8fee87b74,train
p_95504715ff22036b,train
p_5cc2e0947079a170,train
p_2f4d512d1e40371e,train
p_43f083f174965788,train
p_a3ca2ab48e4fcf50,train
p_f074b9fc56c31479,train
p_20dd24a18b65aadb,train
p_6ea43e27bc352406,train
p_5f7edfe235c0787c,train
p_d81312b5bed9ffc9,train
p_a046bd6cd2cef1d0,train
p_26c283e08195a434,train
p_43de9a0e5e1d5d8b,train
p_b65f660de9071583,train
p_593a655d26658f00,train
p_a37a19d330e44000,train
p_c9fa612f46add84c,train
p_e874f6e77ba80976,train
p_2cc03118afcfe053,train
p_15541919daf66719,train
p_6c293aadd30c8c84,train
p_0bc8ed6d98cdde7c,train
p_9a63c96132eb3cb2,train
p_879ead1a68576a95,train
p_773bed7d41c2033a,train
p_2c55d4071b831b8b,train
p_0d46461c4f1d210a,train
p_03acb291a1d46137,train
p_f14dc9926788826c,train
p_36d81e38c5f4520e,train
p_362447ad7ce948fc,train
p_7e98e112ab80a365,train
p_1fd4041ae5e43788,train
p_b9051b85ef357a76,train
p_7592d2804d37e0f7,train
p_a46dba331708d31c,train
p_062653570f80be41,train
p_08b04a496efb6d0e,train
p_bfc328bde5b9f01f,train
p_8a350d9602777aa5,train
p_8a0f790dffda77a4,train
p_537febfb17d7686c,train
p_b2e6976210b3595f,train
p_f223ca2d4800b546,train
p_06f26117f6454cca,train
p_f47261e6d9a99f5f,train
p_e19899723a0a0179,train
p_d5041d68f7527d1f,train
p_28d1e7111bbc1f73,train
p_5e8ec7ed3db5ad2e,train
p_2106cf0fa487f694,train
p_fa8b9e9ddd327454,train
p_2221705509b4a666,train
p_73ab0908fce4b74d,train
p_71c724e216f2389d,train
p_0093e5b3b7da470f,train
p_fe0222b5ba6f42f2,train
p_f43b333b7d245f6e,train
p_ab759f2741ce3dce,train
p_44020ca80cdff7c3,train
p_aee06f74d9ea0387,train
p_8b5aa4a2ebdd142d,train
p_bbca90ad6e36833d,train
p_560180d9db99a493,train
p_92f630ca4ba15ac9,train
p_c6830429994cfcec,train
p_a26c71b69973c9b6,train
p_7f0e97fc8cb9e872,train
p_7d24f456bbea544d,train
p_090821adb59c6a01,train
p_3c420753443ae02d,train
p_c0bdc116a09e286f,train
p_3ddb7672956cb773,train
p_6466b07f7a56cbb7,train
p_8effa0fb88746913,train
p_bdc07347aa3fd505,train
p_ac2e831ec84e4252,train
p_06a852aa07e97890,train
p_ff5d9773df701034,train
p_e5ed7ff13ce399bf,train
p_c11a039fc11a88e1,train
p_22219c9ef60d7024,train
p_f25ade872b4adcc3,train
p_66fac44cd9c6b800,train
p_6946c811c0a966f8,train
p_3d7e3f0022618a16,train
p_5ed812582f1ce909,train
p_71a7238c69ad6874,train
p_5f1b7af3df21a9eb,train
p_612440407c5f9358,train
p_7e9ee3fa0c22ccb5,train
p_e19b699606433689,train
p_f7450824c4145ea8,train
p_d20998b267f1cf70,train
p_fa73eaa5f2ddeb02,train
p_a4eced8055677603,train
p_de862c05549d1a7e,train
p_d667ae3f35a58718,train
p_2586ffd481a66dca,train
p_e2e3e50e16c9641e,train
p_8719598e41c16517,train
p_9edf5995640a9334,train
p_e976a3202f435d3a,train
p_d02c75869d79d561,train
p_e563f32648edc2b2,train
p_56b6548d5deb2143,train
p_5810f7a055325e92,train
p_8031d45640f98738,train
p_45d1f778ce9f4ca1,train
p_00dad0a5acf6be31,train
p_8dae17c5b8e3015b,train
p_8d7927891df972bd,train
p_cdce462095fbe4a5,train
p_3a243f74b18c06ca,train
p_5c5bcd77d5615c2e,train
p_671d90947e4c26cd,train
p_0a34b5505b6825ad,train
p_5ad7a19ae0b60e2a,train
p_0e475deab19a12be,train
p_db73a53ce39bd674,train
p_ebbdc9af0339074a,train
p_e4b823569d253920,train
p_1f87d85f1cc66257,train
p_d778ffb530107880,train
p_45a93fc37e76e00f,train
p_4c72135b79911ec7,train
p_89f292e4a98452d5,train
p_18c2ec648eda73f7,train
p_cd1ea0504790c045,train
p_73be8cd5ae0feb22,train
p_abbcb5e89a1a76ff,train
p_c671ddc8c8ce0895,train
p_e910416c5a9f8d03,train
p_8d35b64dbfe02197,train
p_cebc4a54b8e4e9c0,train
p_f2b846eebd8a1e44,train
p_ac3610767a222c5f,train
p_11ea611a4dda9f70,train
p_4888adecd4b3c7d7,train
p_a61c3216e075c066,train
p_f839582ce18c7676,train
p_a5cd91cea2bf45ad,train
p_13c2505bc7c0e0b7,train
p_ae16f60acd48accb,train
p_34625a7184848339,train
p_cb03144a41093b03,train
p_13cabf4841c163cb,train
p_1bbdfb136d92748b,train
p_0899bc393019aa15,train
p_10c8f08bab18900a,train
p_a891a306f9f53380,train
p_1e4d55228e38fe01,train
p_c89c859ad548fd89,train
p_36b6d2baf51b282a,train
p_52da3d40d10269de,train
p_929f230b81135206,train
p_89bd4d201cb28519,train
p_f08a8d4d9b4b1905,train
p_ce2dedd6d342f3b9,train
p_3508f1403a83c9b6,train
p_c64195bf10d693d3,train
p_e20619dda33de2f8,train
p_9ed2f79026ca9b72,train
p_b8d27693f39bbb4d,train
p_59eff7c6ea4c7635,train
p_e045a8c332137b21,train
p_5c5d9d6a6e747aa1,train
p_941df24868e763e1,train
p_c8f01a01e2df2a62,train
p_36065a4948cfcc10,train
p_9aaf070c33e648d4,train
p_a6be769d86480f24,train
p_639eb15ae638e067,train
p_1ca894762070ef37,train
p_7682ba4c7de1f5a9,train
p_00d4eac197861731,train
p_a182371570290957,train
p_0a24094e4e0b0e49,train
p_96c81a7e766e6d33,train
p_a4b2250f14678bc2,train
p_ec68b066e3e2b89b,train
p_a2695da5c8660acc,train
p_16b0bececc02d14f,train
p_61de604a22fe47e6,train
p_c515d7926457b67e,train
p_0c32f8d65abb026a,train
p_dd6a7d250a0387a0,train
p_e554d1836412fccb,train
p_d603a65df6361b20,train
p_bf223620302fe995,train
p_9c492705b21cd627,train
p_7e15cba03f488078,train
p_c50fb48dc899a46f,train
p_2f8ad0e35ea7a64f,train
p_557b73f6fa143bdc,train
p_61a6f26094b7a964,train
p_862e751befe35ef9,train
p_fbf36f3b4149c1bb,train
p_59c156f6370efaa8,train
p_e9c7901839810b2f,train
p_fb517f2170bd76ba,train
p_bd348e8632a5b31a,train
p_634f4be830a16c3c,train
p_33a87925f9afc55b,train
p_64fe57bd2dd0e02f,train
p_08774062ed23dff1,train
p_dc8ed7e0360ac416,train
p_e068ca26885aa6af,train
p_9292de006f5f9bde,train
p_a3afb63fa7ad3c2b,train
p_44efa4be11f2e184,train
p_f6618c537e9e2bc0,train
p_c879629b2f932d5b,train
p_df7437572cc3c61b,train
p_5d5fc264b31f7762,train
p_3621c6308f4a781c,train
p_e63ff215fc770978,train
p_3b4ca402c72b0215,train
p_9b454c4062fc354b,train
p_211236d98b8083ce,train
p_486b643b78958d39,train
p_8d3b2c755a214b78,train
p_71e3fd9e03e2dda8,train
p_bc1fe30423890996,train
p_ef90800f3aa91758,train
p_15460c07a86b6e36,train
p_756e267f9bc70336,train
p_86afaf67ab4cb579,train
p_7aca7acb99ff7fa0,train
p_85f2d94735e79e24,train
p_f2b4871dea08a5c1,train
p_e3f3c0ab1deee739,train
p_92ac2feff8806bc6,train
p_a3d999d6f1cfa163,train
p_5ab91872e2d97e6c,train
p_ec463d21aa3b6659,train
p_b22851b9bf00214a,train
p_c1b299d033728862,train
p_6d96a805d7cf26ee,train
p_16091923415e27c7,train
p_806136f97e1263c2,train
p_47806fa5b717c32f,train
p_91dc18bcfaafeace,train
p_c57e28dbaade473f,train
p_fbd0f73836d637f3,train
p_6f653eae49a3a0d1,train
p_4c8b097e06246a68,train
p_b4534400e192fd5b,train
p_1bc81f154829e174,train
p_0a80f2b54147c4d4,train
p_eb35a00e02a9a079,train
p_cef87a19aa74a8af,train
p_dc188fb55e281c19,train
p_3078db21bb36b00b,train
p_6fddc71bd802d036,train
p_f67fbfdf24b1f7cb,train
p_2e0efbb793a22303,train
p_855e8fe16ff632fa,train
p_f752dba5a63b769f,train
p_cfcfd851fb6e1928,train
p_f4a009daa45974a9,train
p_a3527460cfd40799,train
p_8b38e655f4bcf179,train
p_e020ceb30829ef66,train
p_d922dc8232927092,train
p_f472aa97010e9f20,train
p_c994e91643f82014,train
p_4c37137473b5a7a0,train
p_c146197ffc8c41f1,train
p_7350453e90583ddb,train
p_806037b48f046103,train
p_c7c82bd4c46576fe,train
p_267f07cb472e66c3,train
p_d164e4177e924263,train
p_13940ce3b28d8ec8,train
p_3d87c0e0bbdd1ff1,train
p_d677be5e5e519394,train
p_f43238d50df3c99b,train
p_2ab0b415ede84fff,train
p_6e58934b6fb40e04,train
p_a64e2fd8be1bfa63,train
p_7970eb256c0072ac,train
p_79fd0ac94c8e3e93,train
p_49d87d67915ac353,train
p_40b3534b513f3e82,train
p_a9e0fd8c52c0cb20,train
p_7775c2a8bad2786a,train
p_1c9134a7ef2837bb,train
p_c65d947d42b0b00a,train
p_771c69dc99ef82f8,train
p_e6680e316e90cf52,train
p_98a4ca5d8457fcdf,train
p_2fb98ba5d170e052,train
p_a45534a4cf400b26,train
p_075240a7a69af8a4,train
p_49a524d2193de023,train
p_05f1ecabefec1b5f,train
p_094b37c177567b66,train
p_6511e4a007277ffe,train
p_d9de691a617edee9,train
p_d4448b4e3bf18f5f,train
p_f2a119a03069522c,train
p_f064bf20fee9aac7,train
p_936c5f47278b149c,train
p_7327129a8692294e,train
p_858869b535ec882c,train
p_a465aadcdba01ca6,train
p_632dab295caaffb9,train
p_e83e7537e42a4aec,train
p_4269bec7a73a9aa9,train
p_c65bf1cd6f8a4f12,train
p_47ab7286d5f352a7,train
p_a55ca3bf319be6de,train
p_47000f3ee85b93dc,train
p_45c3847dc8ef7dc1,train
p_3caf9ecdec315c06,train
p_5c8bf3069e54a83b,train
p_0e16ef2c3689171e,train
p_d9e7a7ab8c7e007d,train
p_3cdb1a4f8da13bcc,train
p_0855f52f1a6b78b7,train
p_ad262570907e5664,train
p_56713a2208d429bf,train
p_6112a06d52ef86d9,train
p_e991a38b8117f2c9,train
p_dec2bb639ffb3a94,train
p_2467478405afa39b,train
p_f2f379439a1d2662,train
p_d760fcb01fb93784,train
p_1336f9dfa7e6201e,train
p_82028c15970cee1c,train
p_bd44280d14759745,train
p_f25cc74f7a02a300,train
p_2d935e645150708b,train
p_47998791309807b1,train
p_5e9fb1637527a142,train
p_2d5336afc011dd42,train
p_c0ad133ad77c8c02,train
p_998dc215d4f64036,train
p_bf5ffec9b54f6752,train
p_bd50e4c714d9c957,train
p_77f814740a654476,train
p_3c6e3285cceb57ca,train
p_6129f099a7bfd8a0,train
p_421ca6bbde0150dc,train
p_d5208e8d8582e98d,train
p_2687334a4ed0a652,train
p_560f873252862d56,train
p_7eb167667907a06a,train
p_dd633eda76fd8e5b,train
p_c5dcb81b295b57ef,train
p_e21cc6091a938551,train
p_403c360c8e585117,train
p_a4616557ca93c2de,train
p_17cf561eddf8b766,train
p_c7d2f156581651a5,train
p_6c6ad4faaa942472,train
p_01bd3f22e3060a42,train
p_7e73ac006d996d09,train
p_a14cad23806a065e,train
p_239eaf58197ef67b,train
p_8c612a00c01b94f0,train
p_7249d85281933c73,train
p_eb3f2d4bfb84dbef,train
p_eea95a71eab5c32e,train
p_e003813d028065be,train
p_10ae3a6a18011fac,train
p_8f26df5b74ec2dc4,train
p_ee7fe9fb19478ee2,train
p_1968c8dd4305d1d4,train
p_1c80806ee7049d53,train
p_dc67b2985a0ae0e2,train
p_ae2415473f7d5e57,train
p_499cfef739e33929,train
p_279dd9a7bf302578,train
p_6f767607d5737248,train
p_24a23ef17b1aab3e,train
p_08fa7cf1c84e1c58,train
p_2c3ee4007161b60d,train
p_42aa2cead488501d,train
p_1654bb7f175adc48,train
p_91581deb3a871698,train
p_4ac1dfc21239deb3,train
p_6b41cda47c2c0128,train
p_6f475b89149e2536,train
p_c11555f0ea013060,train
p_6acbdde884c5a42b,train
p_514b46f62e47317f,train
p_3aa807f7dee8a11b,train
p_4daeb9f145017253,train
p_c34746f0c15ea68f,train
p_7fea9a8153697e6a,train
p_0d0cf022588dc92f,train
p_64d3608bced3d3c8,train
p_f7f872a819bd49c3,train
p_43e6b4b9ab3398ac,train
p_e3c4d562ed19cc4f,train
p_1acce73696e4e2d3,train
p_42d1853b453b7b5a,train
p_b82008973c0500af,train
p_72d9cc188b386630,train
p_8efd65eee049eb9f,train
p_69f593b3f43d8c12,train
p_690f3e535de9b816,train
p_980fbce29d72e8cc,train
p_2dbfc796ab117f6a,train
p_386b326b0ecff0b5,train
p_1c12ab873ad20019,train
p_c7c41c0603ff330f,train
p_b0eae783c6c01396,train
p_f47f8926269415ea,train
p_0f677f9bebd4770d,train
p_bb18e239d3066ca5,train
p_50b6b10030d3a982,train
p_812c4b845220c8d1,train
p_ade1edcce6a1f2f7,train
p_e50b6a292c1e2977,train
p_e5cafa067b5a8e6f,train
p_e7a6e37d93d9a900,train
p_c94814bffa88c9c0,train
p_2654dc75bf20a9ac,train
p_4ec639e66f1840b7,train
p_f24e93fa0d3b696b,train
p_5fda43346123383d,train
p_a027a21d1f36a3ce,train
p_8a3f01efe0bbf446,train
p_6ad621f0b3ebb7a1,train
p_eb4a5af4afda0854,train
p_7e3d9820c30c6f64,train
p_5e4f75a7002ebdf8,train
p_466723501e418cdf,train
p_590a7f1f5e55c9c2,train
p_53b76be25731b8d6,train
p_55583ccc8d1fce45,train
p_70c2fb64e2161e1b,train
p_c5c94604df8f6af2,train
p_c05f64d85a8f905b,train
p_7e6e67b548526c29,train
p_0565b0712be9ac1e,train
p_96de0427e173caa3,train
p_5ea7007c3e0c9264,train
p_0babdac0903d4088,train
p_246cc9f014d4ad43,train
p_5017805af7098a2b,train
p_de4289c3071fd0b0,train
p_de720e7de86408f4,train
p_62f9bbf07913e49d,train
p_2f2f9dd530d2ab98,train
p_01a47ce8fe3e2ed4,train
p_e6ede315344509f6,train
p_365a227af3aada3a,train
p_99d10dbd0774080c,train
p_5224278237a760c5,train
p_c7fd554828269723,train
p_01a0eb8d81ac2084,train
p_c5d6090397a1531b,train
p_67adc99d761a0023,train
p_d87d70bf47e768e9,train
p_1cfa3957aa39892e,train
p_bced33c776eefb94,train
p_4e019250ee611c8a,train
p_5f86ceca6b642f6d,train
p_2d1063cc2e3f3fe5,train
p_8727dfd0e63c4a69,train
p_085bf3f4403b2217,train
p_a3224eaf7d6ecbec,train
p_e5bf8c8304a9203c,train
p_38de961c3435676e,train
p_7e3b869574b568db,train
p_961469d86f04bd27,train
p_31aa3a2e5c9a8595,train
p_733f612983f0824d,train
p_f17606aea4f476a6,train
p_c269d66915a43242,train
p_fa23e3fcf61db8a1,train
p_72266a51fbcc347f,train
p_03d981b52ac7ac4f,train
p_5478754fd66de466,train
p_744963a9f061e672,train
p_50ad172debf6a8ae,train
p_f1e35897f793c2dd,train
p_5a65f38a9438601f,train
p_3a26fea84ca8158f,train
p_f8b18567922eeee9,train
p_ef20173349ebf033,train
p_f073d7438058bb32,train
p_42ee44f6fa11681c,train
p_7bc6e6ebca18b8c9,train
p_720fa153ff77308f,train
p_a737d47412fd11dd,train
p_7d7a0d330c189e9a,train
p_cab304911b72b206,train
p_4ed885251979c229,train
p_cd0cecbb53d25d52,train
p_e91126a42de79c91,train
p_d3372bbb468acded,train
p_1e4404a67e3a159e,train
p_e43908055b27a2a6,train
p_ae52e7ca19ecf25f,train
p_15e1efb484556162,train
p_6245bbbfe52281e8,train
p_02029b016a69a347,train
p_46434b57d972e0ec,train
p_cffc92a9bec05189,train
p_64d93c9e774b82f3,train
p_709ee1a86e82dc93,train
p_10666cb2395e9846,train
p_dc71ed5de7d73272,train
p_1c5fdfd1369237e0,train
p_c04f0d2d71df744a,train
p_7659a3429563f21a,train
p_b0f521b7e9040e4a,train
p_d34ac1e5c0606eb4,train
p_61c3f0f29c83a315,train
p_d5ebd69157cf0420,train
p_02695ed5e5a6cdb3,train
p_ab9a726385eef4fd,train
p_7c57a30f1734c67c,train
p_51f5e2c33b5d5ca1,train
p_3032aea0f1a451f9,train
p_ae2e491eb816cb3e,train
p_88d0d1b9d3d67b10,train
p_6a19317ad8646771,train
p_c9b41d6f50a9cad2,validation
p_084ab3eb36235f8f,validation
p_0163b0cae786cbef,validation
p_5a61ef44d29db999,validation
p_a76cb2da741b5647,validation
p_f91a8bde2a49fe5e,validation
p_db60cec9aa670ca9,validation
p_a0647463c49f1d41,validation
p_f3fc45f562d67e4d,validation
p_cc346bbba4111466,validation
p_bbd4872a9a0ec6a7,validation
p_b0bcae41774d655a,validation
p_55d399f22543a130,validation
p_eac53e2d8cf1715a,validation
p_f62a5f28d4db42d0,validation
p_157c069b8aaa5e5f,validation
p_b8086ebb69c8338b,validation
p_cef869344723eea2,validation
p_4e40ec5163db0828,validation
p_30b3b9de98d25c0c,validation
p_ad87bcbc7fb06563,validation
p_febe292c4bd4ec6b,validation
p_6fcb822928bd0ea8,validation
p_f16858efde8cc484,validation
p_25df84bea6d9eb0e,validation
p_ee0ed9b45f4abb4c,validation
p_2deb1765a76ad6f0,validation
p_9bcfb947340235ca,validation
p_754fae2de8dc3467,validation
p_84a547fb3cf23d14,validation
p_8b37274df06a1e2d,validation
p_3592c6afac147aa6,validation
p_41bf4b8e04b995df,validation
p_0f0dce941e162ac7,validation
p_87abbce6670a6c59,validation
p_8c6ff0042c1bdbcd,validation
p_8cb14e8095630ea2,validation
p_a226ea8239ce529e,validation
p_fbf902edff4e86b3,validation
p_3d36ab52413f234c,validation
p_43df158e8cd917ab,validation
p_83c58fe570a1821c,validation
p_b33ef618db0107d5,validation
p_79887d86dc59c737,validation
p_62739f8813b52f9a,validation
p_825e82ad81479ba2,validation
p_4b7ab8eb8f8fe68f,validation
p_54ebfbcb5fa17177,validation
p_b0393d4934968adb,validation
p_704c79f6aaa31f5b,validation
p_15dc7edb90c3a94f,validation
p_8ea6a342c87e11d5,validation
p_d8ddea816ed556b0,validation
p_0f8594d7a4f82233,validation
p_fe76d58f53c0cc54,validation
p_017d8b1f3ad004d6,validation
p_4fd8df97f3c9fe8c,validation
p_88bd192a1c339749,validation
p_113e3b0f326dc35c,validation
p_5c1fe2cba629756a,validation
p_f9510d2475e2a37d,validation
p_dbb89cb5a6d2ce80,validation
p_fb16716b17d7be66,validation
p_67dd663ea9a3954d,validation
p_0dda40c15eb8537b,validation
p_e58f2ea74ae7b26e,validation
p_27e065ecd6bfcdcc,validation
p_8e6ec4a6a12bb8b9,validation
p_b804dcf3e27d4c69,validation
p_6867ee580dba9d46,validation
p_5d1950ab19cf7f3b,validation
p_38d09876725ef55f,validation
p_10da50b365949331,validation
p_cf5988d84d2dac64,validation
p_9f5975b3e072fa26,validation
p_8fd361635ec96a9a,validation
p_341eb938d5ce0e32,validation
p_0816a4eedda24fdb,validation
p_fceb8a6dac694b50,validation
p_b31523141ee33be0,validation
p_0c59670b191bd102,validation
p_5e5a290d8a9dad09,validation
p_bfce0f19bbafc309,validation
p_14a12d168895ac00,validation
p_447a499cb2373d0a,validation
p_7bd40bbcd2fe9752,validation
p_aa986609fbf77c12,validation
p_43091faa587437e1,validation
p_b25a363d26aa08ed,validation
p_8c5dd13ab4002489,validation
p_de5973972352ad4b,validation
p_7eb4b67075eec6c3,validation
p_a706de46b4cd3acc,validation
p_0ee0a086893f54d5,validation
p_1a943c3ec36303ea,validation
p_45d29f1f8f4443d7,validation
p_bff83923f5a69dc6,validation
p_ef4c8ead66462728,validation
p_91c3acca8e45adb3,validation
p_53ae6453038275f2,validation
p_143b8a26c73b999e,validation
p_d8c97611e9f51ba6,validation
p_5f3e923bb52c263c,validation
p_f44f15de5583f5da,validation
p_9fcabe9a3f407489,validation
p_f243d757b48a9200,validation
p_1e41fcbe83905d3f,validation
p_60810c44a59c4412,validation
p_11f4ed8026c07683,validation
p_a5796373e9b29969,validation
p_6a1b5913dec56d07,validation
p_1cb875a52713f7a6,validation
p_e0db28f31fbd502a,validation
p_95b2bfc82c3c0067,validation
p_bbea924e92c4304d,validation
p_c451fa51b2725c02,validation
p_810bf4dd6e4d2780,validation
p_f6f82281e8a1c51e,validation
p_4135c752879f42f3,validation
p_224b86f2587ba201,validation
p_9f36bc97c5d77ee2,validation
p_2b5643cfe4faafef,validation
p_fa4c944da9fc7647,validation
p_f1f3dfa501004053,validation
p_737d58505777ace9,validation
p_2f9aa70f1fac75d7,validation
p_7f8573e99fdeee36,validation
p_f80b251e3570dfe7,validation
p_e71c7a8fd3b0143e,validation
p_f4e84549161007ba,validation
p_9b0713702fd7642f,validation
p_fdfaea5c325cb76a,validation
p_9824bf83d26fea7d,validation
p_e47af3133c45e783,validation
p_f54f494866cfbaef,validation
p_ff825d1af496a55d,validation
p_f6c63f8b80b13d1e,validation
p_27e4dd45bd3572f2,validation
p_94735ef7c3590361,validation
p_71fb32e51eba82a3,validation
p_b48bb88043bfa6b9,validation
p_d09bac9895bd5e92,validation
p_8687f6096d5f1dad,validation
p_ac7d1e48ec4b134c,validation
p_337d706127ad4e8d,validation
p_2452e0be685c5415,validation
p_5c542eb8b4cdcd5f,validation
p_e64f19da18b03304,validation
p_fcec6674ef97257f,validation
p_94567640614accca,validation
p_e43a49cc18bd3e73,validation
p_5b43e2b68f6e9c69,validation
p_bc466a854f0f9d19,validation
p_e7b4429246ea692f,validation
p_7119dedb9f55ff24,validation
p_dfd82661ec74bdfd,validation
p_a4d5e5286be253f6,validation
p_875655d510cc00d1,validation
p_67621c07e6858cae,validation
p_4829441ebfa3095e,validation
p_766fe7195e0a9c08,validation
p_86e4e07d1ccaa70d,validation
p_d8aa9435a52d2f06,validation
p_de0ddfffeda49a84,validation
p_fe73b2fc002e2d03,validation
p_f76677a0283c0477,validation
p_1babf28a55b6c608,validation
p_8d6bf3408441e6bd,validation
p_a88143327fd74cad,validation
p_83dab48aef6af56b,validation
p_3a1ba8f7f0578c46,validation
p_041c75b0f4242b3e,validation
p_82e18331ff76b47e,validation
p_6cb2449c2a632a70,validation
p_cd574135a74ce3a4,validation
p_8be84d8f6f0c3801,validation
p_c9d43fd3917db741,validation
p_f40010994867c565,validation
p_096ea502578a05be,validation
p_96d36989939cdae2,validation
p_34e79badaea96c45,validation
p_50345614e032a1d1,validation
p_75fd479d11b044d1,validation
p_d1047aeb5cf388d7,validation
p_7b50b19bf63e8248,validation
p_eb82c0314821101e,validation
p_02034879f263124d,validation
p_d1765f01bc6cbf82,validation
p_2976c22e30cfd678,validation
p_b6db7f9acc81e56b,validation
p_3214a1e0e075dc4a,validation
p_d41ca6887db394cc,validation
p_056462af7614f2e7,validation
p_17e999693eb41903,validation
p_568eb94d89709f84,validation
p_c1d60a76f3f216fb,validation
p_13f5aa9113f72202,validation
p_63e821f728a30917,validation
p_6020ac63ace8638a,validation
p_1545c17750146b8c,validation
p_e618ce68fd6f5d2e,validation
p_73c30598116425b5,validation
p_cd1d116cbd929010,validation
p_e11553059384b519,validation
p_b5096c4569277a9f,validation
p_2d4c0f2a782255c4,validation
p_2dd2861079eb7406,validation
p_9a8d69500c147a77,validation
p_ea5f657edbb62067,validation
p_33c323bbca3419cb,validation
p_767bebf914d51360,validation
p_5dddc2bb51d3dc08,validation
p_98b6fb7a65a0afa1,validation
p_ce8e8198f79eca91,validation
p_b33616aaded6a02f,validation
p_8c3b0d839fd62dff,validation
p_6b9aebe67c36459b,validation
p_d1a17367adc89a77,validation
p_b1eef7a8cc06ff17,validation
p_edb2a276e90cee33,validation
p_a380469901f0bd8e,validation
p_407c9f49c59498dd,validation
p_fe12401d240fc90a,validation
p_16941fbf6305ecfd,validation
p_541891c413861efe,validation
p_e64188359968f1ed,validation
p_2dbf4cb8d2410cab,validation
p_17e670d523efb194,validation
p_b30c81599a149282,validation
p_07c2edf0b6045266,validation
p_06b4d70f8bd4acea,validation
p_3afbb78e7704c2a5,validation
p_aa71752c01defeaf,validation
p_81e98b8f6e22c0f6,validation
p_6051ff3c0895ef7d,validation
p_3f840a1cb7715386,validation
p_82139787a306fe9c,validation
p_62a77bf3ed71053e,validation
p_b31f4d7e370903e8,validation
p_8940fb30b8e6e88c,validation
p_77dec41ecf669bfe,validation
p_3c61d8269cd60d1e,validation
p_38dbf2eb646e2374,validation
p_b3d2ba7ef6261490,validation
p_dac912206b8ed8df,validation
p_0da594a938d9eb14,validation
p_7bb2c237527f5511,validation
p_900a551291ccdbdd,validation
p_a44b376bd7a8507d,validation
p_5a52ec5ce59100ab,validation
p_2a572d0f7a90a93f,validation
p_dc9981d09a4a8f0f,validation
p_753f05f037581541,validation
p_21f3454841f38bd1,validation
p_6aecb0736d621477,validation
p_386fa08342921753,validation
p_55a36a85834572f6,validation
p_ce3558dff7de8c22,validation
p_64b66c9635367104,validation
p_9ab4d0a830f3a1a9,validation
p_aaa8826eda70f263,validation
p_2eae5578246dd63d,validation
p_3d99502bd1d5fa26,validation
p_7383cebcd0e8053d,validation
p_ed5d2ce2346b3e93,validation
p_379d1401408586b9,validation
p_15d3802be666e4b8,validation
p_aa292b36a19dffaf,validation
p_9dc15afffb973985,validation
p_6a965bdca94b11b4,validation
p_44c1367fca7cdc82,validation
p_5a25390d5dca92cc,validation
p_a5718b5c8122ff85,validation
p_ca1bd213cdd914a4,validation
p_d807cc613f250002,validation
p_96a2c1a01a6e0578,validation
p_3ae11090fd8e5bc9,validation
p_d9662e66e45bc679,validation
p_9ea3f95264bc1d8d,validation
p_9ffe959226ef03c0,validation
p_9957ff11c42c7329,validation
p_1109f0632fe552c8,validation
p_e94ecbdc2a1e4300,validation
p_2cff63b38ef14302,validation
p_e77824182ca2abc1,validation
p_ee1c5ec00c5ca338,validation
p_54f5e88b484f1ebe,validation
p_038bd6f4f825f9fa,validation
p_728b31ebc6502f71,validation
p_83c7fa508231e3d1,validation
p_c5c0c8036b28d1e1,validation
p_0c4103112ca3f3c9,validation
p_f334aa2e42cbd7f3,validation
p_6d3438a8f118e0f3,validation
p_dd507635913d2c1f,validation
p_77aef2e20980da96,validation
p_607df40164dbcb25,validation
p_d46a567042fda001,validation
p_14ebc930d69708f2,validation
p_8324b9947f95b76c,validation
p_bf83d1d1f01cfa5d,validation
p_71553ca21cb216f6,validation
p_131d5d75d68bd4a7,validation
p_66288731d4f1b46f,validation
p_99e1673e476a8d55,validation
p_22c8825af27c01e0,validation
p_3e49b820430627c7,validation
p_b8770b172320a4ea,validation
p_b6d816401dca49a5,validation
p_8d6e9d492c0a3766,validation
p_8ceab6f47aa0c055,validation
p_4f0608d946b99aa2,validation
p_ecc293b5ec6a86a2,validation
p_f5c7c1f59267674a,validation
p_79778af17acbf507,validation
p_3ac323a1b8ef96a7,validation
p_f1b9bbcf0a4189e6,validation
p_938dac0ff06c260a,validation
p_aa5be240a1a98ae2,validation
p_70b2f221321e75ad,validation
p_18dcf509c7a38bf0,validation
p_4e173eecc11b1a61,validation
p_53db6940b0eac698,validation
p_4c5d1a4fc3b4f990,test
p_019f195f62d09bb3,test
p_9cef666f108ae072,test
p_2341d48ad11fdf5a,test
p_a360b118f39ba37d,test
p_9ac8de270b1f3e32,test
p_3d7ab0a64aa0a912,test
p_674176d1c21de4b0,test
p_2a39e20318424226,test
p_d9b2fbcdc95770b3,test
p_2e166e8ecdf35759,test
p_cdfa344e25395a6f,test
p_bfc98332eaed162f,test
p_1a9757dab8e81aca,test
p_42c9b78c382a6ff7,test
p_fa16a8f526b647c2,test
p_187ffe54b2368077,test
p_df82ff8ddc09d96e,test
p_544155f364498ef5,test
p_e152af45af91502a,test
p_7ad461020399573b,test
p_f5153d4fb2d127e3,test
p_0a270c7409279010,test
p_35ce48c7c8e1042b,test
p_f81d6498bddb030a,test
p_c1e9dfd8f0e51808,test
p_e135fa047abfb29a,test
p_479f2f289477be9c,test
p_cd8005fb4599c560,test
p_18c91964899292dd,test
p_091af98f8aa89b19,test
p_ca22db3f55fce643,test
p_cd63781ab9bebd9c,test
p_b3ddcee3a9615471,test
p_47bc47297e1af195,test
p_1c969858067093ff,test
p_207ccc0946028723,test
p_f329fed56e7af6b7,test
p_b2007fbfc5896f42,test
p_68d4818832484bc3,test
p_5a2188553de6626e,test
p_7ae0ab6694d5d596,test
p_6ec27817d9f7b7df,test
p_55efdae79761b458,test
p_11b74b622a9422f0,test
p_0b30265bcd0991d6,test
p_1947bc8048a8dc5b,test
p_74949f50302ad105,test
p_741fb2b3fe300a11,test
p_3f60eaf10ee5b9cd,test
p_866ac57f1e2c5334,test
p_ec579c63f3fe86b4,test
p_e4a4f0143852a6a7,test
p_c2e9b5a8e5c39670,test
p_080b7450a265deb5,test
p_c799bfdabc81fe7b,test
p_fb9058b1df97e9b5,test
p_4f7d7f132e7eca26,test
p_a675eb94d203117a,test
p_306974f7d8e5fe1e,test
p_e9de75c4e1454c3f,test
p_3b2ec45f07173726,test
p_055c28991106d409,test
p_92f052879475643c,test
p_dbddb6f93bbd41d7,test
p_9f91ea19afe1c14a,test
p_581606d418701f72,test
p_43ddc240fb5d1dca,test
p_4c70a67d12ee393a,test
p_6a91f070ec149e2c,test
p_7f296bfc759ecc18,test
p_163fb3cd05898bbc,test
p_c03df4ee572d4721,test
p_aa85299d34ab4beb,test
p_127e6947ae735cde,test
p_801be7d8ed992157,test
p_421003e66fd56db3,test
p_c2f0c0b6afbbaab0,test
p_d4ad63704afd17f8,test
p_70e010994de01511,test
p_11425b852bd445ce,test
p_c6a317f4b1150cac,test
p_cbb0f6870f0eb65b,test
p_d53e0ab4ef239ac1,test
p_ceebc759d16c5748,test
p_4ff4d074924e8181,test
p_e659a81d0a12ea35,test
p_d34631eb261c26e2,test
p_ce4a5f3f86f6b9f4,test
p_aa624dafcd38b09e,test
p_20dfdefb7f915bcb,test
p_109d26eb6a240912,test
p_7fb0920046c916e7,test
p_f31e3d7f29a5208e,test
p_97bd04bd8cc32712,test
p_75c46c9c90eb5f34,test
p_f9263403164b5567,test
p_1cf7fef977eab7fe,test
p_74ac2a5d572a3c91,test
p_5bf0cb0083ce7cde,test
p_f4b7ef80186dfc9b,test
p_ca86c6198564bbc7,test
p_2133345a410e71e6,test
p_0026bca4b2db7ab8,test
p_5ebb1adc01a81c01,test
p_30451e7ed36e2576,test
p_45ec81774c973f79,test
p_d4fe32d5371a3739,test
p_c55c361cc282a910,test
p_27e0361715adb4d9,test
p_0b96d8ae6b93c4aa,test
p_9920fd65a710983b,test
p_50aa915a5df3c744,test
p_eaf9082d07ee413f,test
p_dbdedfffee90956a,test
p_c8c6a17e191128a0,test
p_b20669acadca15b7,test
p_df0991edafb94fe2,test
p_f588e38520c9593e,test
p_0ad082d1bca9c0e3,test
p_7177a424e3c3cc7f,test
p_56f604f611659ae4,test
p_f0d739c58b6defa9,test
p_6351444e0b9e96f8,test
p_1117fdde16842ef8,test
p_453d102eef64e1ab,test
p_3e483e76cc9cd61a,test
p_0ab9587fd651d065,test
p_bab0459b87cdd307,test
p_fd1af4b61e651078,test
p_3740b1f7afdb6bce,test
p_bc52fe1993e1f6d5,test
p_fcbb54a38bd77a2d,test
p_78b03e99fb746c88,test
p_7a225ad4bf57c037,test
p_f23410cf7a74ceca,test
p_241e4e2671f6cfce,test
p_c0517df6f62fa100,test
p_2e8681b60ff39a74,test
p_e44a6cb95ff7a7f4,test
p_9d54e55b64148d1b,test
p_258065f40c9da7cf,test
p_f422f22defb40ca2,test
p_1c2a27c5ee2e8640,test
p_3b09134750edf7dc,test
p_dbcba6316fc26b09,test
p_792c1a92e5048a7f,test
p_1cbb479be966ddd5,test
p_1438699daa736290,test
p_bd5ad713934c37a4,test
p_49609c36c402049a,test
p_378dcdb997a203a3,test
p_f626ab39a6142c51,test
p_20b8ef23eb2ea17b,test
p_e38a2c5bf88f8204,test
p_9458319648c76688,test
p_913b1ba5975aee84,test
p_981f92a5007ca2af,test
p_dac240b5a42d25a1,test
p_23a7eeb282fa5325,test
p_8c8f38336ae2a4e0,test
p_a7e8a96481508691,test
p_601044f5224ef4f1,test
p_8b8c43941d9c5ad0,test
p_bd40bb45674626f7,test
p_126b44dd09f9a230,test
p_4fb7bdcb010b44a4,test
p_3e63c7bbdc53c62d,test
p_9b8fc18170ea2cee,test
p_2680a3903bc7e869,test
p_147112a96f14681a,test
p_46a044e413d99086,test
p_defe13151ab6e717,test
p_00b24158a3ff7a82,test
p_166d416126558dae,test
p_e71bf352dfcd1554,test
p_16698f00862c1f23,test
p_21ebde348425a2d3,test
p_56ff72b77621cca4,test
p_f7a4e90e7496726b,test
p_77e4654002323659,test
p_c7e2642ab85eafd2,test
p_3b1e0079892d992d,test
p_eb30af6237279d96,test
p_c68e8cec43f8a9c2,test
p_b362e5747ca7edf5,test
p_4531a1cfea8b5453,test
p_facd4ba441838aac,test
p_2ca90cf078edd730,test
p_665b325941f97ab4,test
p_97293ab4dd987354,test
p_50fc160afb513268,test
p_53087b65a57ca742,test
p_2176e0cec5c2618f,test
p_a5e54f6868f9ce90,test
p_195374157707eaa0,test
p_4a8b7e22bb6f9fac,test
p_c007a0ef20a10fa5,test
p_22c6af12b280b6fc,test
p_817abf4e17d4de13,test
p_47cd2df582532a9e,test
p_f323e105e46176b8,test
p_a773da777fc78d65,test
p_a054d1eaa4685c68,test
p_a45fcf328fefc7b9,test
p_276ccde86a5c6b48,test
p_d1ba9513860a2b69,test
p_5d10fa332149db1a,test
p_2b6c98613489d968,test
p_56950710bf0e81a5,test
p_91cebf50d033a080,test
p_55c5699b66a2edfa,test
p_16cae8cae31bb4b0,test
p_deadb09c0d46a13c,test
p_152d258f753fd1ad,test
p_15c1d3a99d809bd8,test
p_8f3f656bd7c123fa,test
p_974996151e278d75,test
p_91238eee4f57bccb,test
p_cb68f05e81074162,test
p_8eae94f2d3675a01,test
p_8cb563082af0f2c5,test
p_dfd6a8095e22057d,test
p_a79f89e45785594f,test
p_2b1b2413ce339ca1,test
p_27e9245db47018e9,test
p_73a84f0aa2376967,test
p_f93bc39497541a44,test
p_af56b5b58910e13d,test
p_778a9315cf7103bb,test
p_397377bf56241151,test
p_d18fcd6a5940de72,test
p_a058cb24b34f62e7,test
p_6624bfa3aba5cf27,test
p_862c1a48d4c0efc1,test
p_1648b71ade72a186,test
p_5068a510b7599e61,test
p_d9c1fb1a31a3c7e2,test
p_1fb1ed53fdaf9eca,test
p_8bb040cb25776a58,test
p_0f2e74e1fad5808d,test
p_c94ff83204a68dc1,test
p_028e2648ca6e755a,test
p_e71cefcf34415569,test
p_b4b617a8ed7a2682,test
p_5b4558a115f4da54,test
p_8e324e45471d26e3,test
p_e243e5be0677b3b7,test
p_8f92da2b7a8ff141,test
p_cc7eccfee4ca24c7,test
p_2cc64a185b1f9f40,test
p_95f151b67fa2d402,test
p_3063bfe47a59a520,test
p_e5771e6c86cb2478,test
p_1063951d6034c3e5,test
p_a4532bb3aacb4649,test
p_a0bdd775fcb86397,test
p_f5eb8ead6f29364d,test
p_3ed93a7d6867412c,test
p_1e60857d4ed9c452,test
p_3a9723104890f97e,test
p_7ba660a35ee00797,test
p_5c13af556c134802,test
p_ac81e375ea2cae7a,test
p_07d02af55cbdc28f,test
p_edb14244c50beac0,test
p_e24e2b3b9fa182a7,test
p_03d30f7848ce5dec,test
p_78f183e191914cfd,test
p_acabeb06a6564c3b,test
p_b5e12cf7fd28ee8b,test
p_f489f040049329f9,test
p_53ee5f9799e15622,test
p_f9f7ea1f0cda9536,test
p_b5b4e42115e0c37c,test
p_35ad31f552caff1f,test
p_934b57b119575ebd,test
p_66f9458d8dec39d1,test
p_cd3be56808b264d8,test
p_a484930815dcd27e,test
p_fa319cea6a565078,test
p_6b3490c18e7797f3,test
p_d39671d164546edc,test
p_68319d5d4976f59f,test
p_1a8e4ed70240f0cc,test
p_c58ab2d9a763c836,test
p_a254643d671fecde,test
p_aec8cd058121989f,test
p_202dce820c1c4e05,test
p_f270d55a74555d89,test
p_5cf3eec0d8834ed4,test
p_af3394851f5ed04b,test
p_e18ea9e440c28240,test
p_23fe1069dfa74110,test
p_bd39db2eaaf0a3f9,test
p_ce95296e7c4b5d43,test
p_099326252bef2034,test
p_577858946eb4cda2,test
p_4196bf269e1e7c0b,test
p_8e87809791278f47,test
p_c64022f42a472808,test
p_780f54793e6c35a3,test
p_c0425975a0267d26,test
p_362bffab6fce836f,test
p_6cf8bf4468fbcced,test
p_0d476056125fe704,test
p_61721386a55c69ea,test
p_8acb4e31dd2f4c13,test
p_476853e7b40834a1,test
p_a977b3356aa9433e,test
p_26ddde71a398a7a9,test
p_b86e8a170a516bea,test
p_0fc32cc08deb9987,test
p_b2878e720692396b,test
p_422cb8298356dffd,test
p_3ee842227f4e3c96,test
p_e9e321fbc18e6760,test
p_7fc7b52662ffd192,test
p_71fd8d1d6a3cabb8,test
p_f7086921e1c85930,test
p_242d55c13c0ef7b6,test
p_be6b0712af3cc5d3,test
p_6e49513d01d7d86f,test
